age,sample_size,avg_wt,sample_sd,min_wt,max_wt
1,123,7.97315,0.01246,7.922,7.999
2,78,7.95033,0.02272,7.892,7.993
3,32,7.92756,0.03426,7.848,7.984
4,17,7.89671,0.04068,7.827,7.965
5,24,7.87333,0.05373,7.757,7.961
